cd4,est
>500,1
350-499,0.9111987
250-349,0.763590488
200-249,0.555817215
100-199,0.363010662
50-99,0.27382761
<50,0.259529497