agegrhiv,est
15-19,1.070111656
20-24,0.931514115
25-29,0.888104152
30-34,0.704085701
35-39,0.560711738
40-44,0.560711738
45-49,0.560711738